State,S/N,LGA,APC,LP,PDP,NNPP
Abia,1,ABA NORTH,190,35898,428,94
Abia,2,ABA SOUTH,215,36717,580,96
Abia,3,AROCHUKWU,601,14287,526,33
Abia,4,BENDE,1545,18446,973,79
Abia,5,IKWUANO,407,14995,1065,91
Abia,6,ISIALA NGWA NORTH,742,14336,5964,85
Abia,7,ISIALA NGWA SOUTH,772,14125,2691,75
Abia,8,ISUIKWUATO,472,16038,607,78
Abia,9,OBINGWA,564,23687,2747,144
Abia,10,OHAFIA,320,8327,432,98
Abia,11,OSISIOMA,158,19680,610,57
Abia,12,UGWUNAGBO,195,7066,930,34
Abia,13,UKWA EAST,264,5819,1200,15
Abia,14,UKWA  WEST,591,9557,918,20
Abia,15,UMUAHIA NORTH,795,51318,1529,112
Abia,16,UMUAHIA  SOUTH,475,25017,1156,82
Abia,17,UMU - NNEOCHI,608,11782,320,46
Akwa Ibom,1,ABAK,15058,5057,7017,123
Akwa Ibom,2,EASTERN OBOLO,1674,1345,2345,25
Akwa Ibom,3,EKET,4675,13238,9757,315
Akwa Ibom,4,ESIT EKET (UQUO),3819,2545,4484,73
Akwa Ibom,5,ESSIEN UDIM,19991,2823,7362,50
Akwa Ibom,6,ETIM EKPO,5182,1711,4733,40
Akwa Ibom,7,ETINAN,4505,4180,10455,346
Akwa Ibom,8,IBENO,878,2403,3227,47
Akwa Ibom,9,IBESIKPO ASUTAN,6480,3698,9326,345
Akwa Ibom,10,IBIONO IBOM,3407,7752,5274,997
Akwa Ibom,11,IKA,5511,1054,3750,35
Akwa Ibom,12,IKONO,6620,5198,6731,243
Akwa Ibom,13,IKOT ABASI,2875,4616,6900,153
Akwa Ibom,14,IKOT EKPENE,11803,5985,6624,207
Akwa Ibom,15,INI,3943,2894,7740,76
Akwa Ibom,16,ITU,4094,5882,7326,989
Akwa Ibom,17,MBO,3204,1456,3922,56
Akwa Ibom,18,MKPAT ENIN,2152,4105,9441,187
Akwa Ibom,19,NSIT ATAI,2853,1067,8371,302
Akwa Ibom,20,NSIT IBOM,5875,2015,8176,128
Akwa Ibom,21,NSIT UBIUM,2792,2329,11308,279
Akwa Ibom,22,OBOT AKARA,4477,2542,8029,95
Akwa Ibom,23,OKOBO,3168,2490,5273,172
Akwa Ibom,24,ONNA,1396,4745,8741,157
Akwa Ibom,25,ORON,2443,3033,3295,59
Akwa Ibom,26,ORUK ANAM,7039,2617,8962,74
Akwa Ibom,27,UDUNG UKO,1555,1068,2701,94
Akwa Ibom,28,UKANAFUN,6152,2067,7751,160
Akwa Ibom,29,URUAN,4987,3024,9327,921
Akwa Ibom,30,URUE OFFONG/ORUKO,3697,2010,3419,36
Akwa Ibom,31,UYO,7765,27534,12245,1044
Benue,1,ADO,2271,9987,1107,67
Benue,2,AGATU,3988,6302,4221,80
Benue,3,APA,3430,7421,3682,191
Benue,4,BURUKU,20248,13466,6909,240
Benue,5,GBOKO,35149,18615,13901,335
Benue,6,GUMA,10481,21796,999,94
Benue,7,GWER EAST,15900,9800,7370,107
Benue,8,GWER WEST,7332,17417,838,91
Benue,9,KATSINA-ALA,18632,7876,8060,203
Benue,10,KONSHISHA,10742,26261,3524,225
Benue,11,KWANDE,23027,11945,7813,437
Benue,12,LOGO,8121,13836,9377,152
Benue,13,MAKURDI,28692,48228,5134,674
Benue,14,OBI,4450,7949,4340,87
Benue,15,OGBADIBO,3129,10154,3460,182
Benue,17,OHIMINI,3239,6545,4972,64
Benue,16,OJU,8412,13192,4920,132
Benue,18,OKPOKWU,3409,10470,4641,142
Benue,19,OTUKPO,8471,23762,6760,332
Benue,20,TARKA,13640,2038,2642,37
Benue,21,UKUM,20719,8036,9892,161
Benue,22,USHONGO,20060,7324,7264,614
Benue,23,VANDEIKYA,36926,5952,8255,93
Ebonyi,1,ABAKALIKI,3365,36894,974,214
Ebonyi,2,AFIKPO NORTH,1405,25480,1155,149
Ebonyi,3,AFIKPO  SOUTH,2386,10895,1227,56
Ebonyi,4,EBONYI,2677,27551,717,114
Ebonyi,5,EZZA NORTH,875,17959,392,146
Ebonyi,6,EZZA SOUTH,2471,16506,1823,163
Ebonyi,7,IKWO,9272,21810,2018,264
Ebonyi,8,ISHIELU,1261,16186,574,111
Ebonyi,9,IVO,1870,7488,780,38
Ebonyi,10,IZZI,11779,28931,789,86
Ebonyi,11,OHAOZARA,1615,13731,342,81
Ebonyi,12,OHAUKWU,2217,19789,1581,139
Ebonyi,13,ONICHA,1215,16518,1131,100
Kogi,1,ADAVI,10340,897,10612,26
Kogi,2,AJAOKUTA,12030,3395,8266,629
Kogi,3,ANKPA,18976,5918,14170,1559
Kogi,4,BASSA,7262,4068,7288,62
Kogi,5,DEKINA,22157,1661,10704,164
Kogi,6,IBAJI,5992,5933,6219,124
Kogi,7,IDAH,9869,2618,5459,69
Kogi,8,IGALAMELA/ODOLU,9982,2431,4006,84
Kogi,9,IJUMU,11237,920,4503,13
Kogi,10,KABBA/BUNU,12534,2329,5958,73
Kogi,11,KOGI . K. K.,13472,1040,8825,77
Kogi,12,LOKOJA,15642,7605,11156,407
Kogi,13,MOPA MORO,4935,718,2319,14
Kogi,14,OFU,16078,1744,6593,187
Kogi,15,OGORI MANGOGO,2008,784,2075,9
Kogi,16,OKEHI,9443,1099,11459,36
Kogi,17,OKENE,22038,964,6403,34
Kogi,18,OLAMABORO,10672,7206,5692,304
Kogi,19,OMALA,6374,2706,6420,315
Kogi,20,YAGBA EAST,10888,954,2711,29
Kogi,21,YAGBA WEST,8822,1227,4266,23
Anambra,1,AGUATA,301,37478,522,207
Anambra,2,AYAMELUM,145,17032,405,21
Anambra,3,ANAMBRA EAST,433,20755,350,75
Anambra,4,ANAMBRA WEST,360,12400,226,37
Anambra,5,ANAOCHA,178,33695,584,151
Anambra,6,AWKA NORTH,118,15561,454,57
Anambra,7,AWKA SOUTH,305,56498,963,133
Anambra,8,DUNUKOFIA,222,18715,428,52
Anambra,9,EKWUSIGO,159,21498,362,47
Anambra,10,IDEMILI NORTH,633,43835,623,195
Anambra,11,IDEMILI-SOUTH,587,25994,304,128
Anambra,12,IHALA,27,11571,33,16
Anambra,13,NJIKOKA,224,31368,479,64
Anambra,14,NNEWI NORTH,96,38184,243,71
Anambra,15,NNEWI SOUTH,187,16767,201,53
Anambra,16,OGBARU,206,28259,441,122
Anambra,17,ONITSHA-NORTH,211,49334,510,140
Anambra,18,ONITSHA -SOUTH,201,38403,287,131
Anambra,19,ORUMBA NORTH,114,21842,226,117
Anambra,20,ORUMBA  SOUTH,92,19482,253,67
Anambra,21,OYI,312,25950,1142,83
Kaduna,1,BIRNIN GWARI,17080,235,8774,1143
Kaduna,2,CHIKUN,9367,69117,32659,2742
Kaduna,3,GIWA,19922,565,22302,3114
Kaduna,4,IGABI,37259,4839,45962,8276
Kaduna,5,IKARA,17297,994,24540,4274
Kaduna,6,JABA,3131,9967,8798,335
Kaduna,7,JEMA'A,10928,26560,16452,719
Kaduna,8,KACHIA,12053,17381,16049,1521
Kaduna,9,KADUNA NORTH,39693,10330,40670,12613
Kaduna,10,KADUNA SOUTH,29596,22577,42996,9124
Kaduna,11,KAGARKO,9698,12502,14027,1255
Kaduna,12,KAJURU,3940,14875,9253,1221
Kaduna,13,KAURA,1847,25744,7847,320
Kaduna,14,KAURU,15870,11293,19018,3128
Kaduna,15,KUBAU,20139,1701,23686,4819
Kaduna,16,KUDAN,11630,888,19340,6747
Kaduna,17,LERE,24695,15568,34149,7264
Kaduna,18,MAKARFI,13767,759,22098,5219
Kaduna,19,SABON GARI,25714,12834,30713,6082
Kaduna,20,SANGA,9393,9088,9233,356
Kaduna,21,SOBA,18965,354,23364,3722
Kaduna,22,ZANGON KATAF,5877,22689,20170,246
Kaduna,23,ZARIA,41432,3634,62260,8729
Katsina,1,BAKORI,15036,594,20070,3753
Katsina,2,BATAGARAWA,13950,131,16987,1454
Katsina,3,BATSARI,7017,21,8889,1096
Katsina,4,BAURE,21661,17,16820,592
Katsina,5,BINDAWA,16578,16,12582,2918
Katsina,6,CHARANCHI,12779,10,8020,609
Katsina,7,DANDUME,15062,44,10718,3163
Katsina,8,DANJA,16202,44,14004,1920
Katsina,9,DAN MUSA,11259,1,7294,699
Katsina,10,DAURA,16889,78,12913,2368
Katsina,11,DUTSI,9258,5,8074,289
Katsina,12,DUTSIN-MA,13233,159,17917,3797
Katsina,13,FASKARI,17180,57,15667,1445
Katsina,14,FUNTUA,19453,198,18711,3591
Katsina,15,INGAWA,12315,47,12152,3388
Katsina,16,JIBIA,10690,59,13761,732
Katsina,17,KAFUR,23517,2285,13167,4448
Katsina,18,KAITA,14595,22,11793,799
Katsina,19,KANKARA,14456,55,22035,1774
Katsina,20,KANKIA,10658,46,17426,700
Katsina,21,KATSINA,15953,1937,45390,9539
Katsina,22,KURFI,11203,25,12528,1784
Katsina,23,KUSADA,7442,6,10990,474
Katsina,24,MAI'ADUA,19098,21,14096,747
Katsina,25,MALUFASHI,21008,352,19892,7254
Katsina,26,MANI,14334,31,18998,3361
Katsina,27,MASHI,12868,38,16085,1107
Katsina,28,MATAZU,12008,15,9644,415
Katsina,29,MUSAWA,14360,11,10603,2033
Katsina,30,RIMI,16759,19,15318,1039
Katsina,31,SABUWA,10207,2,7287,409
Katsina,32,SAFANA,7683,11,7989,943
Katsina,33,SANDAMU,13681,14,10434,399
Katsina,34,ZANGO,13891,5,10791,345
Kebbi,1,ALIERO,6898,71,13619,99
Kebbi,2,AREWA,16938,24,17297,267
Kebbi,3,ARGUNGU,12557,124,26725,410
Kebbi,4,AUGIE,11135,17,12057,123
Kebbi,5,BAGUDO,18485,33,13142,166
Kebbi,6,BIRNIN KEBBI,25201,2008,33897,804
Kebbi,7,BUNZA,8397,19,14047,115
Kebbi,8,DANDI,13303,74,13202,130
Kebbi,9,FAKAI,8140,450,6072,201
Kebbi,10,GWANDU,11675,9,15212,163
Kebbi,11,JEGA,13496,154,20381,552
Kebbi,12,KALGO,6941,44,10552,83
Kebbi,13,KOKO/BESSE,8339,119,8574,72
Kebbi,14,MAIYAMA,11348,8,11637,333
Kebbi,15,NGASKI,9815,167,11352,45
Kebbi,16,SAKABA,7909,936,3731,282
Kebbi,17,SHANGA,9088,52,9621,23
Kebbi,18,SURU,11552,18,12479,161
Kebbi,19,WASAGU/DANKO,14505,2092,7560,405
Kebbi,20,YAURI,11609,324,13626,258
Kebbi,21,ZURU,10757,3939,10392,346
Ondo,1,AKOKO NORTH EAST,25757,1242,2400,16
Ondo,2,AKOKO NORTH WEST,24613,736,5200,8
Ondo,3,AKOKO SOUTH EAST,10765,470,3016,7
Ondo,4,AKOKO SOUTH WEST,28367,920,5376,28
Ondo,5,AKURE NORTH,14261,2945,4633,66
Ondo,6,AKURE SOUTH,45694,13950,9047,136
Ondo,7,ESE-ODO,11160,1709,8200,28
Ondo,8,IDANRE,13061,2262,10532,24
Ondo,9,IFEDORE,15055,954,5360,14
Ondo,10,ILAJE,19173,1143,6780,17
Ondo,11,ILEOLUJI/OKEIGBO,14750,1576,6199,27
Ondo,12,IRELE,17334,704,6523,6
Ondo,13,ODIGBO,27521,3504,7786,243
Ondo,14,OKITIPUPA,26114,1826,12025,19
Ondo,15,ONDO EAST,8390,2004,3912,55
Ondo,16,ONDO WEST,24053,6171,8534,161
Ondo,17,OSE,14376,2031,4767,23
Ondo,18,OWO,29480,3200,5173,52
Oyo,1,AFIJIO,8876,1925,4112,95
Oyo,2,AKINYELE,20985,6480,6478,127
Oyo,3,ATIBA,15046,1234,6180,101
Oyo,4,ATISBO,7928,1178,4031,39
Oyo,5,EGBEDA,22363,6511,5709,110
Oyo,6,IBADAN NORTH,28416,13106,8385,524
Oyo,7,IBADAN NORTH EAST,19124,2971,8534,229
Oyo,8,IBADAN NORTH WEST,13078,4830,6011,70
Oyo,9,IBADAN SOUTH-EAST,20025,2138,7687,87
Oyo,10,IBADAN SOUTH WEST,24329,9079,6961,94
Oyo,11,IBARAPA CENTRAL,10291,726,5169,27
Oyo,12,IBARAPA EAST,10575,779,4800,54
Oyo,13,IBARAPA NORTH,8088,344,4024,313
Oyo,14,IDO,16505,5161,3570,94
Oyo,15,IREPO,12282,414,3907,24
Oyo,16,ISEYIN,19731,1371,6588,33
Oyo,17,ITESIWAJU,6180,387,4948,43
Oyo,18,IWAJOWA,6284,279,5094,177
Oyo,19,KAJOLA,11917,503,9358,71
Oyo,20,LAGELU,16011,4066,5112,55
Oyo,21,OGBOMOSO NORTH,14336,7061,5805,124
Oyo,22,OGBOMOSO SOUTH,9793,5828,6123,161
Oyo,23,OGO-OLUWA,7373,2522,4759,423
Oyo,24,OLORUNSOGO,5178,568,3492,36
Oyo,25,OLUYOLE,16437,4816,5119,105
Oyo,26,ONA-ARA,11978,1287,5085,57
Oyo,27,OORELOPE,8509,804,3004,143
Oyo,28,ORI IRE,12133,1712,6391,39
Oyo,29,OYO EAST,13430,1870,5091,67
Oyo,30,OYO WEST,14076,1724,4544,91
Oyo,31,SAKI EAST,6414,1144,3634,144
Oyo,32,SAKI WEST,21040,2950,5080,102
Oyo,33,SURULERE,11153,3343,8192,236
Plateau,1,BARIKIN LADI,12514,32489,9073,233
Plateau,2,BASSA,16007,28226,11306,294
Plateau,3,BOKKOS,10858,32581,8569,376
Plateau,4,JOS EAST,6348,6392,5844,156
Plateau,5,JOS NORTH,65656,70357,22528,4642
Plateau,6,JOS SOUTH,15985,112874,13803,1008
Plateau,7,KANAM,41184,4769,24843,237
Plateau,8,KANKE,13438,13194,10538,75
Plateau,9,LANGTANG NORTH,8706,21590,17751,73
Plateau,10,LANGTANG SOUTH,7478,6045,12467,24
Plateau,11,MANGU,22692,39387,27013,364
Plateau,12,MIKANG,6044,7201,7211,62
Plateau,13,PANKSHIN,11019,25450,12225,141
Plateau,14,QUA'AN PAN,16522,18641,20963,339
Plateau,15,RIYOM,6936,15171,8181,87
Plateau,16,SHENDAM,17132,25825,8444,632
Plateau,17,WASE,28675,6080,23049,109
Zamfara,1,ANKA,13467,60,5358,72
Zamfara,2,BAKURA,34110,17,10824,192
Zamfara,3,BIRNIN MAGAJI,22638,6,6467,43
Zamfara,4,BUKKUYUM,15812,7,9914,290
Zamfara,5,BUNGUDU,22013,51,22430,347
Zamfara,6,GUMMI,22745,24,20702,43
Zamfara,7,GUSAU,25261,1121,41073,791
Zamfara,8,KAURA NAMODA,25301,154,17664,296
Zamfara,9,MARADUN,21274,0,5829,179
Zamfara,10,MARU,12064,12,7776,498
Zamfara,11,SHINKAFI,8692,15,7517,53
Zamfara,12,TALATA MAFARA,35384,129,7472,238
Zamfara,13,TSAFE,24984,58,17871,884
Zamfara,14,ZURMI,14651,8,13081,130
Niger,1,AGAIE,13865,179,12908,532
Niger,2,AGWARA,7659,1628,6046,83
Niger,3,BIDA,22510,2559,13107,571
Niger,4,BORGU,22491,1982,9649,441
Niger,5,BOSSO,19767,6778,14062,1419
Niger,6,CHANCHAGA,25858,10855,21189,2566
Niger,7,EDATTI,10508,93,14779,263
Niger,8,GBAKO,12436,424,11017,170
Niger,9,GURARA,12283,3151,10479,287
Niger,10,KATCHA,10795,180,13268,331
Niger,11,KONTAGORA,20032,2832,14248,3847
Niger,12,LAPAI,17822,927,13545,381
Niger,13,LAVUN,15107,894,14395,556
Niger,14,MAGAMA,13287,2932,9190,1351
Niger,15,MARIGA,13369,724,6688,603
Niger,16,MASHEGU,12665,891,7206,694
Niger,17,MOKWA,15491,957,15658,697
Niger,18,MUNYA,7235,3504,7178,339
Niger,19,PAIKORO,18550,5465,13185,1560
Niger,20,RAFI,16963,1058,9581,1523
Niger,21,RIJAU,11186,2104,7969,395
Niger,22,SHIRORO,18954,5993,9967,725
Niger,23,SULEJA,15917,16978,11968,1645
Niger,24,TAFA,8927,6904,8748,453
Niger,25,WUSHISHI,11504,460,8868,404
Cross River,1,ABI,8011,3557,5943,24
Cross River,2,AKAMKPA,4150,7466,3040,59
Cross River,3,AKPABUYO,5970,4314,3950,26
Cross River,4,BAKASSI,306,487,266,0
Cross River,5,BEKWARRA,5354,9655,5299,99
Cross River,6,BIASE,6668,4705,4586,76
Cross River,7,BOKI,10274,9753,7800,142
Cross River,8,CALABAR MUNICIPALITY,3973,41198,3506,211
Cross River,9,CALABAR SOUTH,9060,24247,4255,146
Cross River,10,ETUNG,2713,2345,2149,31
Cross River,11,IKOM,6111,11626,6003,183
Cross River,12,OBANLIKU,6565,4286,7253,21
Cross River,13,OBUBRA,9041,4488,7097,43
Cross River,14,OBUDU,8987,11218,5112,131
Cross River,15,ODUKPANI,8597,2704,3911,35
Cross River,16,OGOJA,9226,10903,10026,149
Cross River,17,YAKURR,9646,10198,6600,73
Cross River,18,YALA,15868,16767,8629,195
Enugu,1,ANINRI,64,11339,395,30
Enugu,2,AWGU,221,19803,445,70
Enugu,3,ENUGU EAST,212,48085,845,203
Enugu,4,ENUGU NORTH,229,44666,338,113
Enugu,5,ENUGU SOUTH,194,38511,336,70
Enugu,6,EZEAGU,186,16245,537,106
Enugu,7,IGBO ETITI,476,25001,764,108
Enugu,8,IGBO EZE NORTH,181,15135,1174,68
Enugu,9,IGBO EZE SOUTH,352,17855,1009,82
Enugu,10,ISI UZO,129,16822,1768,74
Enugu,11,NKANU EAST,94,11746,1430,53
Enugu,12,NKANU WEST,343,15026,550,77
Enugu,13,NSUKKA,433,56598,2037,196
Enugu,14,OJI-RIVER,280,17793,864,94
Enugu,15,UDENU,327,26633,1157,213
Enugu,16,UDI,611,35408,936,204
Enugu,17,UZO-UWANI,440,11974,1164,47
Ekiti,1,ADO EKITI,28751,4485,8168,87
Ekiti,2,EFON,5873,125,2521,3
Ekiti,3,EKITI EAST,12435,375,7782,7
Ekiti,4,EKITI WEST,14516,391,4318,10
Ekiti,5,EKITI SOUTH WEST,11334,440,5047,9
Ekiti,6,EMURE,8159,465,3035,14
Ekiti,7,GBONYIN,11969,245,4178,11
Ekiti,8,IDO / OSI,11917,782,7476,14
Ekiti,9,IJERO,12628,373,5731,6
Ekiti,10,IKERE,11659,910,7198,24
Ekiti,11,IKOLE,15465,779,10198,11
Ekiti,12,ILEJEMEJE,4599,97,2662,3
Ekiti,13,IREPODUN / IFELODUN,14265,544,5516,24
Ekiti,14,ISE / ORUN,11415,497,2734,10
Ekiti,15,MOBA,12046,246,5847,11
Ekiti,16,OYE,14472,643,7143,20
FCT,1,ABAJI,10370,2874,6888,104
FCT,2,BWARI,13156,67198,10835,877
FCT,3,GWAGWALADA,15890,19694,10982,483
FCT,4,KUJE,10648,14257,10028,266
FCT,5,KWALI,11242,7302,9054,324
FCT,6,MUNICIPAL,29596,170392,26407,2463
Kwara,1,ASA,15123,678,10482,116
Kwara,2,BARUTEN,23495,830,10201,139
Kwara,3,EDU,18564,696,13249,816
Kwara,4,EKITI,5739,721,3760,13
Kwara,5,IFELODUN,16369,2517,6457,98
Kwara,6,ILORIN EAST,24264,2409,13325,132
Kwara,7,ILORIN-SOUTH,21620,7274,10806,166
Kwara,8,ILORIN-WEST,47784,5598,29978,436
Kwara,9,IREPODUN,11545,3000,6368,113
Kwara,10,ISIN,4484,1419,2506,31
Kwara,11,KAIAMA,14580,435,6073,418
Kwara,12,MORO,15287,959,6429,99
Kwara,13,OFFA,19475,1444,3508,71
Kwara,14,OKE - ERO,6016,592,3074,16
Kwara,15,OYUN,8838,1867,4298,133
Kwara,16,PATIGI,10389,727,6395,344
Nasarawa,1,AKWANGA,9221,18227,5955,709
Nasarawa,2,AWE,14269,4309,10416,576
Nasarawa,3,DOMA,7532,8864,11674,607
Nasarawa,4,KARU,15843,57638,18901,1959
Nasarawa,5,KEANA,7208,4002,4335,236
Nasarawa,6,KEFFI,13564,9607,13007,1798
Nasarawa,7,KOKONA,12198,9647,8098,358
Nasarawa,8,LAFIA,30796,24935,29917,3321
Nasarawa,9,NASARAWA,17241,8680,10576,1380
Nasarawa,10,NASARAWA EGGON,13669,15624,9971,509
Nasarawa,11,OBI,10838,19423,12947,150
Nasarawa,12,TOTO,11553,5228,7077,805
Nasarawa,13,WAMBA,8990,5177,4219,313
Delta,1,ANIOCHA NORTH,1146,11678,3783,138
Delta,2,ANIOCHA - SOUTH,1686,14208,4672,113
Delta,3,BOMADI,2421,3134,4429,38
Delta,4,BURUTU,4605,5745,7147,54
Delta,5,ETHIOPE  EAST,6314,10806,7854,402
Delta,6,ETHIOPE  WEST,3850,10199,5403,263
Delta,7,IKA NORTH- EAST,1902,8980,16696,120
Delta,8,IKA - SOUTH,3290,17868,7485,166
Delta,9,ISOKO NORTH,2734,17765,8254,105
Delta,10,ISOKO SOUTH,4451,18166,7039,99
Delta,11,NDOKWA EAST,3758,7756,5996,38
Delta,12,NDOKWA WEST,3846,12889,8760,56
Delta,13,OKPE,4773,10754,8326,41
Delta,14,OSHIMILI - NORTH,1688,14929,4796,135
Delta,15,OSHIMILI - SOUTH,894,40085,2790,181
Delta,16,PATANI,2270,2700,3346,43
Delta,17,SAPELE,4099,17408,6168,121
Delta,18,UDU,4937,18579,4836,120
Delta,19,UGHELLI NORTH,11196,22589,9241,198
Delta,20,UGHELLI SOUTH,8877,9790,10244,93
Delta,21,UKWUANI,2946,11239,6713,100
Delta,22,UVWIE,3033,36302,3375,229
Delta,23,WARRI  NORTH,1379,2417,3411,52
Delta,24,WARRI SOUTH,1234,13289,7653,177
Delta,25,WARRI SOUTH  WEST,2857,2591,3183,40
Lagos,1,AGEGE,29568,13270,4498,1513
Lagos,2,AJEROMI/IFELODUN,25938,35663,4680,436
Lagos,3,ALIMOSHO,62909,71327,8201,701
Lagos,4,AMUWO-ODOFIN,13318,55547,2383,330
Lagos,5,APAPA,15471,7566,2997,338
Lagos,6,BADAGRY,31903,10956,6024,153
Lagos,7,EPE,19867,3497,5221,76
Lagos,8,ETI-OSA,15317,42388,3369,381
Lagos,9,IBEJU/LEKKI,14685,10410,2329,104
Lagos,10,IFAKO-IJAYE,30756,25437,3258,232
Lagos,11,IKEJA,21276,30004,2280,337
Lagos,12,IKORODU,50353,28951,4508,400
Lagos,13,KOSOFE,36883,46554,4058,902
Lagos,14,LAGOS ISLAND,27760,3058,2521,79
Lagos,15,LAGOS MAINLAND,20030,18698,3005,257
Lagos,16,MUSHIN,41907,23390,3478,410
Lagos,17,OJO,20603,38859,3701,462
Lagos,18,OSHODI/ISOLO,27181,51020,3139,413
Lagos,19,SOMOLU,27879,28936,3449,476
Lagos,20,SURULERE,39002,36923,2651,442
Imo,1,ABOH MBAISE,1197,17604,4181,104
Imo,2,AHIAZU MBAISE,970,17332,1833,170
Imo,3,EHIME MBANO,1018,11959,711,58
Imo,4,EZINIHITTE MBAISE,1612,15560,3208,89
Imo,5,IDEATO NORTH,297,10958,586,58
Imo,6,IDEATO SOUTH,440,10216,779,65
Imo,7,IHITTE UBOMA,417,11681,499,25
Imo,8,IKEDURU,1339,23718,991,111
Imo,9,ISIALA MBANO,796,15873,1026,112
Imo,10,ISU,681,10383,690,29
Imo,11,MBAITOLI,714,21904,674,124
Imo,12,NGOR OKPALA,2080,18859,2725,128
Imo,13,NJABA,235,7591,190,16
Imo,14,NKWERRE,662,7052,319,26
Imo,15,NWANGELE,479,9078,452,13
Imo,16,OBOWO,438,17894,830,7
Imo,17,OGUTA,128,3031,226,4
Imo,18,OHAJI EGBEMA,1954,7500,889,26
Imo,19,OKIGWE,12414,20460,3843,68
Imo,20,ONUIMO,349,2905,385,3
Imo,21,ORLU,274,319,19,0
Imo,22,ORSU,35,13,1,0
Imo,23,ORU EAST,17639,2530,618,7
Imo,24,ORU WEST,18644,8383,1530,1
Imo,25,OWERRI MUNICIPAL,434,26290,821,57
Imo,26,OWERRI NORTH,547,32475,894,122
Imo,27,OWERRI WEST,613,28927,1318,129
Gombe,1,AKKO,22749,2241,55202,1284
Gombe,2,BALANGA,11715,3760,23326,405
Gombe,3,BILLIRI,7232,8898,21911,653
Gombe,4,DUKKU,12925,49,21579,899
Gombe,5,FUNAKAYE,12672,320,25384,767
Gombe,6,GOMBE,19312,2339,62347,3015
Gombe,7,KALTUNGO,9464,5149,20968,486
Gombe,8,KWAMI,16245,78,24068,820
Gombe,9,NAFADA,8242,7,12339,344
Gombe,10,SHONGOM,7525,2579,13520,256
Gombe,11,YALMALTU/ DEBA,18896,740,38479,1591
Osun,1,ATAKUMOSA EAST,2768,100,9405,7
Osun,2,ATAKUMOSA WEST,5003,355,7078,4
Osun,3,AYEDAADE,13352,397,13251,14
Osun,4,AYEDIRE,7714,168,8015,2
Osun,5,BOLUWADURO,4566,175,6076,3
Osun,6,BORIPE,15325,294,8921,9
Osun,7,EDE NORTH,9194,782,18908,50
Osun,8,EDE SOUTH,5477,537,16142,19
Osun,9,EGBEDORE,8536,1469,10432,37
Osun,10,EJIGBO,15209,499,12801,24
Osun,11,IFE CENTRAL,19362,3374,10777,111
Osun,12,IFEDAYO,3610,93,5744,3
Osun,13,IFE EAST,20903,2422,12818,88
Osun,14,IFELODUN,13459,403,15157,16
Osun,15,IFE NORTH,7915,667,9754,12
Osun,16,IFE SOUTH,9555,554,9765,30
Osun,17,ILA,9841,230,12334,11
Osun,18,ILESA EAST,9580,1358,10089,24
Osun,19,ILESA WEST,9803,1651,10841,26
Osun,20,IREPODUN,10437,210,14541,13
Osun,21,IREWOLE,17991,333,13081,7
Osun,22,ISOKAN,9661,172,8774,10
Osun,23,IWO,18887,616,15661,12
Osun,24,OBOKUN,8196,316,14084,14
Osun,25,ODO-OTIN,10825,506,14098,13
Osun,26,OLA-OLUWA,7355,142,8134,39
Osun,27,OLORUNDA,21482,1649,14674,42
Osun,28,ORIADE,11745,677,14982,10
Osun,29,OROLU,7720,197,8944,13
Osun,30,OSOGBO,28474,2937,19085,50
Sokoto,1,BINJI,9953,15,8646,23
Sokoto,2,BODINGA,13384,10,13559,39
Sokoto,3,DANGE/SHUNI,11954,479,10306,26
Sokoto,4,GADA,13631,18,15343,236
Sokoto,5,GORONYO,8892,16,11614,21
Sokoto,6,GUDU,11194,23,9295,70
Sokoto,7,GWADABAWA,14694,33,14194,79
Sokoto,8,ILLELA,15570,138,14920,83
Sokoto,9,ISA,9391,5,12481,20
Sokoto,10,KWARE,10485,63,12242,11
Sokoto,11,KEBBE,9008,1,10430,6
Sokoto,12,RABAH,5584,3,5490,48
Sokoto,13,S/BIRNI,17994,23,15182,28
Sokoto,14,SHAGARI,11355,3,13009,47
Sokoto,15,SILAME,7086,5,8240,14
Sokoto,16,SOKOTO NORTH,17228,566,17024,46
Sokoto,17,SOKOTO SOUTH,21385,4504,20036,150
Sokoto,18,TAMBUWAL,13814,32,21708,137
Sokoto,19,TANGAZA,10331,25,6594,28
Sokoto,20,TURETA,7684,1,8144,9
Sokoto,21,WAMAKKO,23189,577,19121,140
Sokoto,22,WURNO,10988,19,9832,7
Sokoto,23,YABO,10650,9,11269,32
Borno,1,ABADAM,2146,0,686,14
Borno,2,ASKIRA / UBA,8109,688,15544,94
Borno,3,BAMA,12579,19,6617,118
Borno,4,BAYO,8837,26,6078,220
Borno,5,BIU,13906,606,17872,149
Borno,6,CHIBOK,4191,337,8714,27
Borno,7,DAMBOA,10119,16,7489,39
Borno,8,DIKWA,11030,8,2773,254
Borno,9,GUBIO,3519,7,2127,30
Borno,10,GUZAMALA,2668,0,969,4
Borno,11,GWOZA,9732,396,9674,95
Borno,12,HAWUL,9677,781,16526,46
Borno,13,JERE,21984,991,19060,801
Borno,14,KAGA,5361,1,2608,16
Borno,15,KALA BALGE,3320,4,912,18
Borno,16,KONDUGA,10012,76,4119,111
Borno,17,KUKAWA,3983,1,1856,17
Borno,18,KWAYA / KUSAR,8420,123,7254,328
Borno,19,MAFA,14821,6,1077,38
Borno,20,MAGUMERI,5424,1,3399,32
Borno,21,MAIDUGURI M. C.,42306,2840,36948,1827
Borno,22,MARTE,5455,1,1653,12
Borno,23,MOBBAR,3429,0,1649,66
Borno,24,MONGUNO,7212,8,2801,39
Borno,25,NGALA,8165,4,1950,49
Borno,26,NGANZAI,3468,1,1513,12
Borno,27,SHANI,12409,264,9053,170
Taraba,1,ARDO - KOLA,6227,6045,13172,421
Taraba,2,BALI,6872,5667,15081,1553
Taraba,3,DONGA,10953,13611,5582,286
Taraba,4,GASHAKA,4239,2453,5272,318
Taraba,5,GASSOL,13892,5288,25993,2966
Taraba,6,IBI,11876,6507,5089,537
Taraba,7,JALINGO,20169,19902,22301,2842
Taraba,8,KARIM-LAMIDO,9158,5705,21669,316
Taraba,9,KURMI,3226,5334,6591,73
Taraba,10,LAU,4928,6120,13080,267
Taraba,11,SARDAUNA,17292,5308,15192,1585
Taraba,12,TAKUM,5944,13406,4890,329
Taraba,13,USSA,6724,18172,4303,304
Taraba,14,WUKARI,6739,23076,6091,534
Taraba,15,YORRO,3401,5027,9775,327
Taraba,16,ZING,3525,4694,14936,160
Adamawa,1,DEMSA,5746,7962,17166,199
Adamawa,2,FUFORE,12633,897,26059,508
Adamawa,3,GANYE,10112,1069,21672,191
Adamawa,4,GIREI,8531,3749,17557,254
Adamawa,5,GOMBI,8341,2628,21744,541
Adamawa,6,GUYUK,5904,8165,13942,91
Adamawa,7,HONG,11489,9532,24569,790
Adamawa,8,JADA,8479,984,28561,186
Adamawa,9,LAMURDE,3645,9744,9912,188
Adamawa,10,MADAGALI,4935,4034,18077,201
Adamawa,11,MAIHA,7335,440,14088,146
Adamawa,12,MAYO - BELWA,13271,1392,23479,280
Adamawa,13,MICHIKA,7062,6047,28328,177
Adamawa,14,MUBI NORTH,10078,12261,21528,1253
Adamawa,15,MUBI SOUTH,9399,2936,15463,519
Adamawa,16,NUMAN,5115,10229,8984,168
Adamawa,17,SHELLENG,6213,1028,14765,69
Adamawa,18,SONG,10993,8506,20406,1223
Adamawa,19,TOUNGO,4163,651,7401,59
Adamawa,20,YOLA NORTH,15885,9925,32136,584
Adamawa,21,YOLA SOUTH,13552,3469,31774,379
Edo,1,AKOKO EDO,15183,14002,8660,82
Edo,2,EGOR,3978,40160,1766,298
Edo,3,ESAN CENTRAL,4458,10192,3692,91
Edo,4,ESAN NORTH EAST,2589,18973,2091,146
Edo,5,ESAN SOUTH EAST,4675,10511,3961,61
Edo,6,ESAN WEST,3417,18793,2630,170
Edo,7,ETSAKO CENTRAL,10008,3707,4691,20
Edo,8,ETSAKO EAST,14799,5506,6978,27
Edo,9,ETSAKO  WEST,25581,11148,9143,111
Edo,10,IGUEBEN,2419,6449,3530,64
Edo,11,IKPOBA/OKHA,4367,63639,5931,536
Edo,12,OREDO,6701,60295,4202,404
Edo,13,ORHIONMWON,6527,9049,4668,121
Edo,14,OVIA NORTH EAST,5877,24484,3919,257
Edo,15,OVIA SOUTH WEST,7692,8402,4722,100
Edo,16,OWAN EAST,13634,6786,9999,31
Edo,17,OWAN WEST,9322,6112,6026,27
Edo,18,UHUNMWODE,3244,12955,2976,197
Jigawa,1,AUYO,18201,26,13210,2889
Jigawa,2,BABURA,17817,71,14069,4600
Jigawa,3,BIRNIN KUDU,22592,98,34792,1912
Jigawa,4,BIRNIWA,15150,29,12977,2196
Jigawa,5,BUJI,11867,9,10868,343
Jigawa,6,DUTSE,16739,553,29951,2717
Jigawa,7,GARKI,18332,39,9614,6870
Jigawa,8,GAGARAWA,8091,29,8870,3770
Jigawa,9,GUMEL,6696,78,9816,3935
Jigawa,10,GURI,13594,25,6402,5913
Jigawa,11,GWARAM,19026,127,32907,12010
Jigawa,12,GWIWA,16309,2,7643,165
Jigawa,13,HADEJIA,12328,126,10035,6480
Jigawa,14,JAHUN,24338,32,21683,2133
Jigawa,15,KAFIN HAUSA,22108,32,20088,2108
Jigawa,16,KAUGAMA,17506,81,14514,4174
Jigawa,17,KAZAURE,9430,119,9827,4040
Jigawa,18,KIRIKA SAMMA,15455,17,12691,2494
Jigawa,19,KIYAWA,18701,35,17435,756
Jigawa,20,MAIGATARI,14640,34,13973,986
Jigawa,21,MALAM MADORI,14586,49,13684,2479
Jigawa,22,MIGA,15293,19,12038,950
Jigawa,23,RINGIM,18624,57,11213,15630
Jigawa,24,RONI,13073,36,8001,622
Jigawa,25,SULE-TANKARKAR,14971,24,12919,1500
Jigawa,26,TAURA,18003,134,11339,6082
Jigawa,27,YANKWASHI,7920,8,6028,480
Yobe,1,BADE,8081,215,15789,2983
Yobe,2,BURSARI,6737,19,7217,245
Yobe,3,DAMATURU,7306,769,16649,553
Yobe,4,FIKA,12419,227,19975,433
Yobe,5,FUNE,12696,49,18308,570
Yobe,6,GEIDAM,5918,7,7223,805
Yobe,7,GUJBA,6643,25,8204,217
Yobe,8,GULANI,7995,6,8646,767
Yobe,9,JAKUSKO,10554,48,11836,2254
Yobe,10,KARASAWA,9042,33,6048,1775
Yobe,11,MACHINA,8067,31,3501,797
Yobe,12,NANGERE,8060,147,15813,464
Yobe,13,NGURU,9588,313,12001,3384
Yobe,14,POTISKUM,13521,473,34787,1637
Yobe,15,TARMUWA,4416,20,4178,118
Yobe,16,YUNUSARI,9638,11,3692,836
Yobe,17,YUSUFARI,10778,13,4700,432
Bauchi,1,ALKALERI,12238,147,25098,1232
Bauchi,2,BAUCHI,44924,7041,70874,3927
Bauchi,3,BOGORO,4850,6866,15156,798
Bauchi,4,DAMBAM,7588,42,12203,2586
Bauchi,5,DARAZO,16070,41,17459,1895
Bauchi,6,DASS,10939,705,13242,397
Bauchi,7,GAMAWA,13955,53,15469,5127
Bauchi,8,GANJUWA,13021,222,17380,4287
Bauchi,9,GIADE,10382,17,11977,4002
Bauchi,10,ITAS/GADAU,11978,36,11757,6315
Bauchi,11,JAMA'ARE,8140,22,12535,3638
Bauchi,12,KATAGUM,20030,493,22987,9672
Bauchi,13,KIRFI,9599,33,13431,1544
Bauchi,14,MISAU,14199,48,18354,4115
Bauchi,15,NINGI,20587,56,21619,4023
Bauchi,16,SHIRA,14369,54,20683,8555
Bauchi,17,TAFAWA BALEWA,17897,8776,30585,1281
Bauchi,18,TORO,40150,2517,37169,5375
Bauchi,19,WARJI,11862,185,17732,424
Bauchi,20,ZAKI,13916,19,20897,2910
Ogun,1,ABEOKUTA NORTH,20094,4092,5057,104
Ogun,2,ABEOKUTA SOUTH,28111,8930,7787,137
Ogun,3,ADO ODO-OTA,46558,17888,10838,276
Ogun,4,EGBADO NORTH,19053,1535,9830,478
Ogun,5,EGBADO SOUTH,18471,3126,5012,117
Ogun,6,EWEKORO,9778,2287,3646,79
Ogun,7,IFO,26507,9751,5760,161
Ogun,8,IJEBU EAST,10970,2163,4495,40
Ogun,9,IJEBU NORTH,21844,2372,7233,50
Ogun,10,IJEBU NORTH EAST,7430,1779,2859,19
Ogun,11,IJEBU ODE,16072,3162,4057,56
Ogun,12,IKENNE,9431,2698,6616,39
Ogun,13,IMEKO/AFON,12146,568,4560,32
Ogun,14,IPOKIA,16929,1860,16082,186
Ogun,15,OBAFEMI/OWODE,17387,9964,3115,114
Ogun,16,ODEDA,12945,3064,3855,73
Ogun,17,ODOGBOLU,12374,2688,6176,36
Ogun,18,OGUN WATER SIDE,8522,481,5090,29
Ogun,19,REMO NORTH,5814,984,3627,22
Ogun,20,SAGAMU,21118,6437,8136,152
Rivers,1,ABUA-ODUAL,5653,1663,4685,9
Rivers,2,AHOADA EAST,8066,5379,2358,58
Rivers,3,AHOADA WEST,3443,4634,2582,11
Rivers,4,AKUKU TORU,3182,1700,3131,14
Rivers,5,ANDONI,3306,2324,4614,18
Rivers,6,ASARI-TORU,14483,2094,4476,9
Rivers,7,BONNY,2708,10488,2406,87
Rivers,8,DEGEMA,2375,2212,3108,44
Rivers,9,ELEME,8368,7529,2391,82
Rivers,10,EMOHUA,9145,4239,5242,18
Rivers,11,ETCHE,8366,11232,5919,78
Rivers,12,GOKANA,10122,2215,8484,31
Rivers,13,IKWERRE,9609,8752,4869,58
Rivers,14,KHANA,7649,1704,5483,47
Rivers,15,OBIO/AKPOR,80239,3829,368,161
Rivers,16,OGBA/EGBEMA/NDONI,6057,21883,4099,109
Rivers,17,OGU/BOLO,2428,1209,3187,7
Rivers,18,OKRIKA,2729,4018,8476,34
Rivers,19,OMUMA,6328,2154,1293,15
Rivers,20,OPOBO/NKORO,5701,2093,1542,6
Rivers,21,OYIGBO,16630,10784,1046,107
Rivers,22,PORT HARCOURT,5562,62451,7203,301
Rivers,23,TAI,9442,485,1506,18
Kano,1,AJINGI,7066,182,1540,16798
Kano,2,ALBASU,9618,34,2350,19161
Kano,3,BAGWAI,14949,102,1935,14243
Kano,4,BEBEJI,12616,239,1475,22242
Kano,5,BICHI,31673,178,1371,20862
Kano,6,BUNKURE,11161,76,1528,16759
Kano,7,DALA,8262,234,8543,55967
Kano,8,DANBATA,13179,66,2099,15179
Kano,9,DAWAKI KUDU,12258,167,3768,32925
Kano,10,DAWAKI TOFA,16773,202,2477,25072
Kano,11,DOGUWA,15424,642,1408,14543
Kano,12,FAGGE,4060,14896,5416,23162
Kano,13,GABASAWA,11992,48,2191,13736
Kano,14,GARKO,8485,313,2067,15889
Kano,15,GARUN MALAM,8642,160,4409,12249
Kano,16,GAYA,8708,158,1386,18999
Kano,17,GEZAWA,9915,188,2980,21909
Kano,18,GWALE,6950,270,7457,42932
Kano,19,GWARZO,20627,70,2125,19950
Kano,20,KABO,18767,79,2463,15923
Kano,21,KANO MUNICIPAL,9948,267,10298,51954
Kano,22,KARAYE,10874,134,2132,16295
Kano,23,KIBIYA,10283,70,753,16331
Kano,24,KIRU,19155,112,2467,27199
Kano,25,KUMBOTSO,6721,815,5996,44474
Kano,26,KUNCHI,10359,50,703,8090
Kano,27,KURA,10929,126,3987,20406
Kano,28,MADOBI,12038,39,2393,23130
Kano,29,MAKODA,12590,40,1099,12247
Kano,30,MINJIBIR,6777,123,1833,15505
Kano,31,NASARAWA,10218,3863,10599,61053
Kano,32,RANO,11268,115,1898,16286
Kano,33,RIMIN GADO,10861,76,907,14634
Kano,34,ROGO,10403,343,1616,19584
Kano,35,SHANONO,11557,44,1703,9672
Kano,36,SUMAILA,11341,1106,1553,24307
Kano,37,TAKAI,13770,69,3124,19849
Kano,38,TARAUNI,6133,659,6067,32891
Kano,39,TOFA,10280,177,1192,17219
Kano,40,TSANYAWA,14052,89,1721,14468
Kano,41,TUDUN WADA,18017,1053,1965,23041
Kano,42,UNGOGO,8011,334,4659,34916
Kano,43,WARAWA,10352,125,1277,12708
Kano,44,WUDIL,10279,380,2785,22517
Bayelsa,1,BRASS,3684,2273,6209,25
Bayelsa,2,EKEREMOR,4398,4489,9113,16
Bayelsa,3,KOLOKUMA/OPOKUMA,4137,3395,8972,34
Bayelsa,4,NEMBE,3005,1807,2334,15
Bayelsa,5,OGBIA,8444,6721,6362,47
Bayelsa,6,SAGBAMA,4603,4629,10240,24
Bayelsa,7,SOUTHERN IJAW,7650,4400,11280,190
Bayelsa,8,YENAGOA,6651,22261,14308,189